kategori,grup,member
Kpop Boygroup,WANNA ONE,Daniel
Kpop Boygroup,WANNA ONE,Jihoon
Kpop Boygroup,WANNA ONE,Daehwi
Kpop Boygroup,WANNA ONE,Jaehwan
Kpop Boygroup,WANNA ONE,Seongwu
Kpop Boygroup,WANNA ONE,Woojin
Kpop Boygroup,WANNA ONE,Kuanlin
Kpop Boygroup,WANNA ONE,Jisung
Kpop Boygroup,WANNA ONE,Minhyun
Kpop Boygroup,WANNA ONE,Jinyoung
Kpop Boygroup,WANNA ONE,Sungwoon
Kpop Boygroup,NCT,Taeil
Kpop Boygroup,NCT,Johnny
Kpop Boygroup,NCT,Taeyong
Kpop Boygroup,NCT,Yuta
Kpop Boygroup,NCT,Kun
Kpop Boygroup,NCT,Doyoung
Kpop Boygroup,NCT,Ten
Kpop Boygroup,NCT,Jaehyun
Kpop Boygroup,NCT,Winwin
Kpop Boygroup,NCT,Jungwoo
Kpop Boygroup,NCT,Mark
Kpop Boygroup,NCT,Xiaojun
Kpop Boygroup,NCT,Hendery
Kpop Boygroup,NCT,Renjun
Kpop Boygroup,NCT,Jeno
Kpop Boygroup,NCT,Haechan
Kpop Boygroup,NCT,Jaemin
Kpop Boygroup,NCT,Yangyang
Kpop Boygroup,NCT,Chenle
Kpop Boygroup,NCT,Jisung
Kpop Boygroup,NCT,Sion
Kpop Boygroup,NCT,Riku
Kpop Boygroup,NCT,Yushi
Kpop Boygroup,NCT,Jaehee
Kpop Boygroup,NCT,Ryo
Kpop Boygroup,NCT,Sakuya
Kpop Boygroup,ASTRO,MJ
Kpop Boygroup,ASTRO,JinJin
Kpop Boygroup,ASTRO,Eunwoo
Kpop Boygroup,ASTRO,Sanha
Kpop Boygroup,WEi,Daehyeon
Kpop Boygroup,WEi,Donghan
Kpop Boygroup,WEi,Yohan
Kpop Boygroup,WEi,Seokhwa
Kpop Boygroup,WEi,Junseo
Kpop Boygroup,WEi,Yongha
Kpop Boygroup,MONSTA X,Shownu
Kpop Boygroup,MONSTA X,Minhyuk
Kpop Boygroup,MONSTA X,Kihyun
Kpop Boygroup,MONSTA X,Hyungwon
Kpop Boygroup,MONSTA X,Joohoney
Kpop Boygroup,MONSTA X,I.M
Kpop Boygroup,SEVENTEEN,S.Coups
Kpop Boygroup,SEVENTEEN,Jeonghan
Kpop Boygroup,SEVENTEEN,Joshua
Kpop Boygroup,SEVENTEEN,Jun
Kpop Boygroup,SEVENTEEN,Hoshi
Kpop Boygroup,SEVENTEEN,Wonwoo
Kpop Boygroup,SEVENTEEN,Woozi
Kpop Boygroup,SEVENTEEN,DK
Kpop Boygroup,SEVENTEEN,Mingyu
Kpop Boygroup,SEVENTEEN,The8
Kpop Boygroup,SEVENTEEN,Seungkwan
Kpop Boygroup,SEVENTEEN,Vernon
Kpop Boygroup,SEVENTEEN,Dino
Kpop Boygroup,BTS,RM
Kpop Boygroup,BTS,Jin
Kpop Boygroup,BTS,Suga
Kpop Boygroup,BTS,J-Hope
Kpop Boygroup,BTS,Jimin
Kpop Boygroup,BTS,V
Kpop Boygroup,BTS,Jungkook
Kpop Boygroup,TXT,Soobin
Kpop Boygroup,TXT,Yeonjun
Kpop Boygroup,TXT,Beomgyu
Kpop Boygroup,TXT,Taehyun
Kpop Boygroup,TXT,Huening Kai
Kpop Boygroup,ENHYPEN,Jungwon
Kpop Boygroup,ENHYPEN,Heeseung
Kpop Boygroup,ENHYPEN,Jay
Kpop Boygroup,ENHYPEN,Jake
Kpop Boygroup,ENHYPEN,Sunghoon
Kpop Boygroup,ENHYPEN,Sunoo
Kpop Boygroup,ENHYPEN,Ni-ki
Kpop Boygroup,&TEAM,EJ
Kpop Boygroup,&TEAM,Fuma
Kpop Boygroup,&TEAM,K
Kpop Boygroup,&TEAM,Nicholas
Kpop Boygroup,&TEAM,Yuma
Kpop Boygroup,&TEAM,Jo
Kpop Boygroup,&TEAM,Harua
Kpop Boygroup,&TEAM,Taki
Kpop Boygroup,&TEAM,Maki
Kpop Boygroup,OMEGA X,Jaehan
Kpop Boygroup,OMEGA X,Hwichan
Kpop Boygroup,OMEGA X,Sebin
Kpop Boygroup,OMEGA X,Hangyeom
Kpop Boygroup,OMEGA X,Xen
Kpop Boygroup,OMEGA X,Jehyun
Kpop Boygroup,OMEGA X,Kevin
Kpop Boygroup,OMEGA X,Junghoon
Kpop Boygroup,OMEGA X,Hyuk
Kpop Boygroup,OMEGA X,Yechan
Kpop Boygroup,A.C.E,Jun
Kpop Boygroup,A.C.E,Donghun
Kpop Boygroup,A.C.E,Wow
Kpop Boygroup,A.C.E,Byeongkwan
Kpop Boygroup,A.C.E,Chan
Kpop Boygroup,THE BOYZ,Sangyeon
Kpop Boygroup,THE BOYZ,Jacob
Kpop Boygroup,THE BOYZ,Younghoon
Kpop Boygroup,THE BOYZ,Hyunjae
Kpop Boygroup,THE BOYZ,Juyeon
Kpop Boygroup,THE BOYZ,Kevin
Kpop Boygroup,THE BOYZ,New
Kpop Boygroup,THE BOYZ,Q
Kpop Boygroup,THE BOYZ,Haknyeon
Kpop Boygroup,THE BOYZ,Sunwoo
Kpop Boygroup,THE BOYZ,Eric
Kpop Boygroup,DRIPPIN,Hyeop
Kpop Boygroup,DRIPPIN,Yunseong
Kpop Boygroup,DRIPPIN,Changuk
Kpop Boygroup,DRIPPIN,Dongyun
Kpop Boygroup,DRIPPIN,Minseo
Kpop Boygroup,DRIPPIN,Junho
Kpop Boygroup,CRAVITY,Serim
Kpop Boygroup,CRAVITY,Allen
Kpop Boygroup,CRAVITY,Jungmo
Kpop Boygroup,CRAVITY,Woobin
Kpop Boygroup,CRAVITY,Wonjin
Kpop Boygroup,CRAVITY,Minhee
Kpop Boygroup,CRAVITY,Hyeongjun
Kpop Boygroup,CRAVITY,Taeyoung
Kpop Boygroup,CRAVITY,Seongmin
Kpop Boygroup,ONE PACT,Jongwoo
Kpop Boygroup,ONE PACT,Seongmin
Kpop Boygroup,ONE PACT,TAG
Kpop Boygroup,ONE PACT,Yedam
Kpop Boygroup,ONE PACT,Jay Chang
Kpop Boygroup,CIX,BX
Kpop Boygroup,CIX,Seunghun
Kpop Boygroup,CIX,Yonghee
Kpop Boygroup,CIX,Jinyoung
Kpop Boygroup,CIX,Hyunsuk
Kpop Boygroup,RIIZE,Shotaro
Kpop Boygroup,RIIZE,Eunseok
Kpop Boygroup,RIIZE,Sungchan
Kpop Boygroup,RIIZE,Wonbin
Kpop Boygroup,RIIZE,Sohee
Kpop Boygroup,RIIZE,Anton
Kpop Boygroup,AHOF,Steven
Kpop Boygroup,AHOF,Jeongwoo
Kpop Boygroup,AHOF,Woongki
Kpop Boygroup,AHOF,Shuaibo
Kpop Boygroup,AHOF,Han
Kpop Boygroup,AHOF,JL
Kpop Boygroup,AHOF,Juwon
Kpop Boygroup,AHOF,Chih En
Kpop Boygroup,AHOF,Daisuke
Kpop Boygroup,CLOSE YOUR EYES,Minwook
Kpop Boygroup,CLOSE YOUR EYES,Jingxiang
Kpop Boygroup,CLOSE YOUR EYES,Yeojun
Kpop Boygroup,CLOSE YOUR EYES,Sungmin
Kpop Boygroup,CLOSE YOUR EYES,Seungho
Kpop Boygroup,CLOSE YOUR EYES,Kenshin
Kpop Boygroup,CLOSE YOUR EYES,Kyoungbae
Kpop Boygroup,KICKFLIP,Kyehoon
Kpop Boygroup,KICKFLIP,Amaru
Kpop Boygroup,KICKFLIP,Donghwa
Kpop Boygroup,KICKFLIP,Juwang
Kpop Boygroup,KICKFLIP,Minje
Kpop Boygroup,KICKFLIP,Keiju
Kpop Boygroup,KICKFLIP,Donghyeon
Kpop Boygroup,TWS,Shinyu
Kpop Boygroup,TWS,Dohoon
Kpop Boygroup,TWS,Youngjae
Kpop Boygroup,TWS,Hanjin
Kpop Boygroup,TWS,Jihoon
Kpop Boygroup,TWS,Kyungmin
Kpop Boygroup,BOYNEXTDOOR,Sungho
Kpop Boygroup,BOYNEXTDOOR,Riwoo
Kpop Boygroup,BOYNEXTDOOR,Jaehyun
Kpop Boygroup,BOYNEXTDOOR,Taesan
Kpop Boygroup,BOYNEXTDOOR,Leehan
Kpop Boygroup,BOYNEXTDOOR,Woonhak
Kpop Boygroup,EVNNE,Keita
Kpop Boygroup,EVNNE,Hanbin
Kpop Boygroup,EVNNE,Jeonghyeon
Kpop Boygroup,EVNNE,Seungeon
Kpop Boygroup,EVNNE,Yunseo
Kpop Boygroup,EVNNE,Junghyun
Kpop Boygroup,EVNNE,Jihoo
Kpop Boygroup,xikers,Minjae
Kpop Boygroup,xikers,Junmin
Kpop Boygroup,xikers,Sumin
Kpop Boygroup,xikers,Jinsik
Kpop Boygroup,xikers,Hyunwoo
Kpop Boygroup,xikers,Junghoon
Kpop Boygroup,xikers,Seeun
Kpop Boygroup,xikers,Yujun
Kpop Boygroup,xikers,Hunter
Kpop Boygroup,xikers,Yechan
Kpop Boygroup,NEWBEAT,Minsung
Kpop Boygroup,NEWBEAT,Minseok
Kpop Boygroup,NEWBEAT,Yeoyeojeong
Kpop Boygroup,NEWBEAT,Seohyun
Kpop Boygroup,NEWBEAT,Taeyang
Kpop Boygroup,NEWBEAT,Jinhwan
Kpop Boygroup,NEWBEAT,Hyeongseok
Kpop Boygroup,ZEROBASEONE,Jiwoong
Kpop Boygroup,ZEROBASEONE,Hao
Kpop Boygroup,ZEROBASEONE,Hanbin
Kpop Boygroup,ZEROBASEONE,Matthew
Kpop Boygroup,ZEROBASEONE,Taerae
Kpop Boygroup,ZEROBASEONE,Ricky
Kpop Boygroup,ZEROBASEONE,Gyuvin
Kpop Boygroup,ZEROBASEONE,Gunwook
Kpop Boygroup,ZEROBASEONE,Yujin
Kpop Boygroup,IDID,Yonghoon
Kpop Boygroup,IDID,Minjae
Kpop Boygroup,IDID,Junhyuk
Kpop Boygroup,IDID,Wonbin
Kpop Boygroup,IDID,Yoonwoo
Kpop Boygroup,IDID,Seunghyun
Kpop Boygroup,IDID,Gunwoo
Kpop Boygroup,IDID,Seongmin
Kpop Boygroup,TREASURE,Hyunsuk
Kpop Boygroup,TREASURE,Jihoon
Kpop Boygroup,TREASURE,Yoshi
Kpop Boygroup,TREASURE,Junkyu
Kpop Boygroup,TREASURE,Jaehyuk
Kpop Boygroup,TREASURE,Asahi
Kpop Boygroup,TREASURE,Doyoung
Kpop Boygroup,TREASURE,Haruto
Kpop Boygroup,TREASURE,Jeongwoo
Kpop Boygroup,TREASURE,Junghwan
Kpop Boygroup,P1Harmony,Keeho
Kpop Boygroup,P1Harmony,Theo
Kpop Boygroup,P1Harmony,Jiung
Kpop Boygroup,P1Harmony,Intak
Kpop Boygroup,P1Harmony,Jongseob
Kpop Boygroup,P1Harmony,Soul
Kpop Boygroup,ATEEZ,Hongjoong
Kpop Boygroup,ATEEZ,Seonghwa
Kpop Boygroup,ATEEZ,Yunho
Kpop Boygroup,ATEEZ,Yeosang
Kpop Boygroup,ATEEZ,San
Kpop Boygroup,ATEEZ,Mingi
Kpop Boygroup,ATEEZ,Wooyoung
Kpop Boygroup,ATEEZ,Jongho
Kpop Boygroup,NouerA,Gihyeon
Kpop Boygroup,NouerA,Junpyo
Kpop Boygroup,NouerA,Hyunjun
Kpop Boygroup,NouerA,Yuseop
Kpop Boygroup,NouerA,Lin
Kpop Boygroup,NouerA,Fan
Kpop Boygroup,NouerA,Miraku
Kpop Boygroup,ARrC,Hyunmin
Kpop Boygroup,ARrC,Kien
Kpop Boygroup,ARrC,Han
Kpop Boygroup,ARrC,Rioto
Kpop Boygroup,ARrC,Doha
Kpop Boygroup,ARrC,Jibeen
Kpop Boygroup,ARrC,Andy
Kpop Boygroup,Stray Kids,Bang Chan
Kpop Boygroup,Stray Kids,Lee Know
Kpop Boygroup,Stray Kids,Changbin
Kpop Boygroup,Stray Kids,Hyunjin
Kpop Boygroup,Stray Kids,Han
Kpop Boygroup,Stray Kids,Felix
Kpop Boygroup,Stray Kids,Seungmin
Kpop Boygroup,Stray Kids,I.N
Kpop Boygroup,TEMPEST,Hanbin
Kpop Boygroup,TEMPEST,Hyungseop
Kpop Boygroup,TEMPEST,Hyuk
Kpop Boygroup,TEMPEST,Eunchan
Kpop Boygroup,TEMPEST,LEW
Kpop Boygroup,TEMPEST,Hwarang
Kpop Boygroup,TEMPEST,Taerae
Kpop Boygroup,aoen,Yuju
Kpop Boygroup,aoen,Ruka
Kpop Boygroup,aoen,Gaku
Kpop Boygroup,aoen,Hikaru
Kpop Boygroup,aoen,Sota
Kpop Boygroup,aoen,Kyosuke
Kpop Boygroup,aoen,Reo
Kpop Boygroup,CORTIS,Martin
Kpop Boygroup,CORTIS,James
Kpop Boygroup,CORTIS,Juhoon
Kpop Boygroup,CORTIS,Seonghyeon
Kpop Boygroup,CORTIS,Keonho
Kpop Boygroup,ALPHA DRIVE ONE,Leo
Kpop Boygroup,ALPHA DRIVE ONE,Junseo
Kpop Boygroup,ALPHA DRIVE ONE,Arno
Kpop Boygroup,ALPHA DRIVE ONE,Geonwoo
Kpop Boygroup,ALPHA DRIVE ONE,Sangwon
Kpop Boygroup,ALPHA DRIVE ONE,Xinlong
Kpop Boygroup,ALPHA DRIVE ONE,Anxin
Kpop Boygroup,ALPHA DRIVE ONE,Sanghyeon
Kpop Boygroup,MODYSSEY,Yichen
Kpop Boygroup,MODYSSEY,Hengyu
Kpop Boygroup,MODYSSEY,Rowan
Kpop Boygroup,MODYSSEY,Lynnlynn
Kpop Boygroup,MODYSSEY,Zihao
Kpop Boygroup,MODYSSEY,Suren
Kpop Boygroup,MODYSSEY,Zheyi
Kpop Boygroup,SUPER JUNIOR,Leeteuk
Kpop Boygroup,SUPER JUNIOR,Heechul
Kpop Boygroup,SUPER JUNIOR,Yesung
Kpop Boygroup,SUPER JUNIOR,Shindong
Kpop Boygroup,SUPER JUNIOR,Eunhyuk
Kpop Boygroup,SUPER JUNIOR,Donghae
Kpop Boygroup,SUPER JUNIOR,Siwon
Kpop Boygroup,SUPER JUNIOR,Ryeowook
Kpop Boygroup,SUPER JUNIOR,Kyuhyun
Kpop Boygroup,SF9,Youngbin
Kpop Boygroup,SF9,Inseong
Kpop Boygroup,SF9,Jaeyoon
Kpop Boygroup,SF9,Dawon
Kpop Boygroup,SF9,Zuho
Kpop Boygroup,SF9,Taeyang
Kpop Boygroup,SF9,Hwiyoung
Kpop Boygroup,SF9,Chani
Kpop Boygroup,NEXZ,Tomoya
Kpop Boygroup,NEXZ,Yu
Kpop Boygroup,NEXZ,Haru
Kpop Boygroup,NEXZ,Geon
Kpop Boygroup,NEXZ,Seita
Kpop Boygroup,NEXZ,Hyui
Kpop Boygroup,NEXZ,Yuki
Kpop Boygroup,EXO,Suho
Kpop Boygroup,EXO,Xiumin
Kpop Boygroup,EXO,Baekhyun
Kpop Boygroup,EXO,Chen
Kpop Boygroup,EXO,Chanyeol
Kpop Boygroup,EXO,D.O.
Kpop Boygroup,EXO,Kai
Kpop Boygroup,EXO,Sehun
Kpop Girlgroup,TWICE,Nayeon
Kpop Girlgroup,TWICE,Jeongyeon
Kpop Girlgroup,TWICE,Momo
Kpop Girlgroup,TWICE,Sana
Kpop Girlgroup,TWICE,Jihyo
Kpop Girlgroup,TWICE,Mina
Kpop Girlgroup,TWICE,Dahyun
Kpop Girlgroup,TWICE,Chaeyoung
Kpop Girlgroup,TWICE,Tzuyu
Kpop Girlgroup,H2H,Jiwoo
Kpop Girlgroup,H2H,Carmen
Kpop Girlgroup,H2H,Yuha
Kpop Girlgroup,H2H,Stella
Kpop Girlgroup,H2H,Juun
Kpop Girlgroup,H2H,A-NA
Kpop Girlgroup,H2H,Ian
Kpop Girlgroup,H2H,Ye-on
Kpop Girlgroup,tripleS,Seoyeon
Kpop Girlgroup,tripleS,Hyerin
Kpop Girlgroup,tripleS,Jiwoo
Kpop Girlgroup,tripleS,Chaeyeon
Kpop Girlgroup,tripleS,Yooyeon
Kpop Girlgroup,tripleS,Soomin
Kpop Girlgroup,tripleS,Nakyoung
Kpop Girlgroup,tripleS,Yubin
Kpop Girlgroup,tripleS,Kaede
Kpop Girlgroup,tripleS,Dahyun
Kpop Girlgroup,tripleS,Kotone
Kpop Girlgroup,tripleS,Yeonji
Kpop Girlgroup,tripleS,Nien
Kpop Girlgroup,tripleS,Sohyun
Kpop Girlgroup,tripleS,Xinyu
Kpop Girlgroup,tripleS,Mayu
Kpop Girlgroup,tripleS,Lynn
Kpop Girlgroup,tripleS,Joobin
Kpop Girlgroup,tripleS,Hayeon
Kpop Girlgroup,tripleS,Shion
Kpop Girlgroup,tripleS,Chaewon
Kpop Girlgroup,tripleS,Sullin
Kpop Girlgroup,tripleS,Seoah
Kpop Girlgroup,tripleS,Jiyeon
Kpop Girlgroup,Weeekly,Soojin
Kpop Girlgroup,Weeekly,Monday
Kpop Girlgroup,Weeekly,Soeun
Kpop Girlgroup,Weeekly,Jaehee
Kpop Girlgroup,Weeekly,Jihan
Kpop Girlgroup,Weeekly,Zoa
Kpop Girlgroup,aespa,Karina
Kpop Girlgroup,aespa,Giselle
Kpop Girlgroup,aespa,Winter
Kpop Girlgroup,aespa,Ningning
Kpop Girlgroup,LE SSERAFIM,Sakura
Kpop Girlgroup,LE SSERAFIM,Chaewon
Kpop Girlgroup,LE SSERAFIM,Yunjin
Kpop Girlgroup,LE SSERAFIM,Kazuha
Kpop Girlgroup,LE SSERAFIM,Eunchae
Kpop Girlgroup,ILLIT,Yunah
Kpop Girlgroup,ILLIT,Minju
Kpop Girlgroup,ILLIT,Moka
Kpop Girlgroup,ILLIT,Wonhee
Kpop Girlgroup,ILLIT,Iroha
Kpop Girlgroup,NewJeans,Minji
Kpop Girlgroup,NewJeans,Hanni
Kpop Girlgroup,NewJeans,Danielle
Kpop Girlgroup,NewJeans,Haerin
Kpop Girlgroup,NewJeans,Hyein
Kpop Girlgroup,IVE,Yujin
Kpop Girlgroup,IVE,Gaeul
Kpop Girlgroup,IVE,Rei
Kpop Girlgroup,IVE,Wonyoung
Kpop Girlgroup,IVE,Liz
Kpop Girlgroup,IVE,Leeseo
Kpop Girlgroup,KiiiKiii,Jiyu
Kpop Girlgroup,KiiiKiii,Leesol
Kpop Girlgroup,KiiiKiii,Sui
Kpop Girlgroup,KiiiKiii,Haum
Kpop Girlgroup,KiiiKiii,Kya
Kpop Girlgroup,BADVILLAIN,Emma
Kpop Girlgroup,BADVILLAIN,Chloe
Kpop Girlgroup,BADVILLAIN,HU'E
Kpop Girlgroup,BADVILLAIN,YunSeo
Kpop Girlgroup,BADVILLAIN,Vin
Kpop Girlgroup,BADVILLAIN,Kelly
Kpop Girlgroup,BADVILLAIN,INA
Kpop Girlgroup,ITZY,Yeji
Kpop Girlgroup,ITZY,Lia
Kpop Girlgroup,ITZY,Ryujin
Kpop Girlgroup,ITZY,Chaeryeong
Kpop Girlgroup,ITZY,Yuna
Kpop Girlgroup,USPEER,Yeowon
Kpop Girlgroup,USPEER,Sohee
Kpop Girlgroup,USPEER,Seoyoon
Kpop Girlgroup,USPEER,Chaeyoung
Kpop Girlgroup,USPEER,Jimin
Kpop Girlgroup,USPEER,Hana
Kpop Girlgroup,USPEER,Roa
Kpop Girlgroup,izna,Mai
Kpop Girlgroup,izna,Jeemin
Kpop Girlgroup,izna,Jiyoon
Kpop Girlgroup,izna,Koko
Kpop Girlgroup,izna,Sarang
Kpop Girlgroup,izna,Jungeun
Kpop Girlgroup,izna,Saebi
Kpop Girlgroup,UNIS,Jin Hyeonju
Kpop Girlgroup,UNIS,Nana
Kpop Girlgroup,UNIS,Gehlee
Kpop Girlgroup,UNIS,Kotoko
Kpop Girlgroup,UNIS,Bang Yunha
Kpop Girlgroup,UNIS,Elisia
Kpop Girlgroup,UNIS,Oh Yoona
Kpop Girlgroup,UNIS,Lim Seowon
Kpop Girlgroup,BABYMONSTER,Ruka
Kpop Girlgroup,BABYMONSTER,Pharita
Kpop Girlgroup,BABYMONSTER,Asa
Kpop Girlgroup,BABYMONSTER,Ahyeon
Kpop Girlgroup,BABYMONSTER,Rami
Kpop Girlgroup,BABYMONSTER,Rora
Kpop Girlgroup,BABYMONSTER,Chiquita
Kpop Girlgroup,BDC,Yihyun
Kpop Girlgroup,BDC,Kumi
Kpop Girlgroup,BDC,Mia
Kpop Girlgroup,BDC,Beni
Kpop Girlgroup,QWER,Chodan
Kpop Girlgroup,QWER,Magenta
Kpop Girlgroup,QWER,Hina
Kpop Girlgroup,QWER,Siyeon
Kpop Girlgroup,Kep1er,Yujin
Kpop Girlgroup,Kep1er,Xiaoting
Kpop Girlgroup,Kep1er,Chaehyun
Kpop Girlgroup,Kep1er,Dayeon
Kpop Girlgroup,Kep1er,Hikaru
Kpop Girlgroup,Kep1er,Bahiyyih
Kpop Girlgroup,Kep1er,Youngeun
Kpop Girlgroup,Kep1er,Yeseo
Kpop Girlgroup,Kep1er,Mashiro
Kpop Girlgroup,FIFTY FIFTY,Keena
Kpop Girlgroup,FIFTY FIFTY,Chanelle
Kpop Girlgroup,FIFTY FIFTY,Yewon
Kpop Girlgroup,FIFTY FIFTY,Hana
Kpop Girlgroup,FIFTY FIFTY,Athena
Kpop Girlgroup,fromis_9,Saerom
Kpop Girlgroup,fromis_9,Hayoung
Kpop Girlgroup,fromis_9,Gyuri
Kpop Girlgroup,fromis_9,Jiwon
Kpop Girlgroup,fromis_9,Jisun
Kpop Girlgroup,fromis_9,Seoyeon
Kpop Girlgroup,fromis_9,Chaeyoung
Kpop Girlgroup,fromis_9,Nagyung
Kpop Girlgroup,fromis_9,Jiheon
Kpop Girlgroup,BLACKPINK,Jisoo
Kpop Girlgroup,BLACKPINK,Jennie
Kpop Girlgroup,BLACKPINK,Rose
Kpop Girlgroup,BLACKPINK,Lisa
Kpop Girlgroup,MEOVV,Sooin
Kpop Girlgroup,MEOVV,Gawon
Kpop Girlgroup,MEOVV,Anna
Kpop Girlgroup,MEOVV,Narin
Kpop Girlgroup,MEOVV,Ella
Kpop Girlgroup,KATSEYE,Daniela
Kpop Girlgroup,KATSEYE,Lara
Kpop Girlgroup,KATSEYE,Manon
Kpop Girlgroup,KATSEYE,Megan
Kpop Girlgroup,KATSEYE,Sophia
Kpop Girlgroup,KATSEYE,Yoonchae
Kpop Girlgroup,ADP,Annie
Kpop Girlgroup,ADP,Tarzzan
Kpop Girlgroup,ADP,Bailey
Kpop Girlgroup,ADP,Woochan
Kpop Girlgroup,ADP,Youngseo
Kpop Girlgroup,ifeye,Won Hwayeon
Kpop Girlgroup,ifeye,Kasia
Kpop Girlgroup,ifeye,Rahee
Kpop Girlgroup,ifeye,Meun
Kpop Girlgroup,ifeye,Sasha
Kpop Girlgroup,ifeye,Ulin
Kpop Girlgroup,KIOF,Julie
Kpop Girlgroup,KIOF,Natty
Kpop Girlgroup,KIOF,Belle
Kpop Girlgroup,KIOF,Haneul
Kpop Girlgroup,VVUP,Hyunny
Kpop Girlgroup,VVUP,Kim
Kpop Girlgroup,VVUP,Paan
Kpop Girlgroup,VVUP,Suhyeon
Kpop Girlgroup,i-dle,Miyeon
Kpop Girlgroup,i-dle,Minnie
Kpop Girlgroup,i-dle,Soyeon
Kpop Girlgroup,i-dle,Yuqi
Kpop Girlgroup,i-dle,Shuhua
Kpop Girlgroup,AtHeart,Michi
Kpop Girlgroup,AtHeart,Arin
Kpop Girlgroup,AtHeart,Katelyn
Kpop Girlgroup,AtHeart,Bome
Kpop Girlgroup,AtHeart,Seohyeon
Kpop Girlgroup,AtHeart,Aurora
Kpop Girlgroup,AtHeart,Nahyun
Kpop Girlgroup,KIIRAS,Lingling
Kpop Girlgroup,KIIRAS,Kurumi
Kpop Girlgroup,KIIRAS,Harin
Kpop Girlgroup,KIIRAS,Kylie
Kpop Girlgroup,KIIRAS,Doyeon
Kpop Girlgroup,KIIRAS,Roah
Kpop Girlgroup,GFRIEND,Sowon
Kpop Girlgroup,GFRIEND,Yerin
Kpop Girlgroup,GFRIEND,Eunha
Kpop Girlgroup,GFRIEND,Yuju
Kpop Girlgroup,GFRIEND,SinB
Kpop Girlgroup,GFRIEND,Umji
Kpop Girlgroup,Red Velvet,Irene
Kpop Girlgroup,Red Velvet,Seulgi
Kpop Girlgroup,Red Velvet,Wendy
Kpop Girlgroup,Red Velvet,Joy
Kpop Girlgroup,Red Velvet,Yeri
Kpop Girlgroup,STAYC,Sumin
Kpop Girlgroup,STAYC,Sieun
Kpop Girlgroup,STAYC,Isa
Kpop Girlgroup,STAYC,Seeun
Kpop Girlgroup,STAYC,Yoon
Kpop Girlgroup,STAYC,J
Kpop Girlgroup,LOONA,Heejin
Kpop Girlgroup,LOONA,Hyunjin
Kpop Girlgroup,LOONA,Haseul
Kpop Girlgroup,LOONA,Yeojin
Kpop Girlgroup,LOONA,Vivi
Kpop Girlgroup,LOONA,Kim Lip
Kpop Girlgroup,LOONA,Jinsoul
Kpop Girlgroup,LOONA,Choerry
Kpop Girlgroup,LOONA,Yves
Kpop Girlgroup,LOONA,Chuu
Kpop Girlgroup,LOONA,Go Won
Kpop Girlgroup,LOONA,Olivia Hye
Kpop Girlgroup,OH MY GIRL,Hyojung
Kpop Girlgroup,OH MY GIRL,Mimi
Kpop Girlgroup,OH MY GIRL,YooA
Kpop Girlgroup,OH MY GIRL,Seunghee
Kpop Girlgroup,OH MY GIRL,Yubin
Kpop Girlgroup,OH MY GIRL,Arin
Kpop Girlgroup,WOOAH,Nana
Kpop Girlgroup,WOOAH,Wooyeon
Kpop Girlgroup,WOOAH,Sora
Kpop Girlgroup,WOOAH,Lucy
Kpop Girlgroup,WOOAH,Minseo
Kpop Girlgroup,Billlie,Moon Sua
Kpop Girlgroup,Billlie,Suhyeon
Kpop Girlgroup,Billlie,Haram
Kpop Girlgroup,Billlie,Tsuki
Kpop Girlgroup,Billlie,Sheon
Kpop Girlgroup,Billlie,Siyoon
Kpop Girlgroup,Billlie,Haruna
Kpop Girlgroup,NMIXX,Lily
Kpop Girlgroup,NMIXX,Haewon
Kpop Girlgroup,NMIXX,Sullyoon
Kpop Girlgroup,NMIXX,Bae
Kpop Girlgroup,NMIXX,Jiwoo
Kpop Girlgroup,NMIXX,Kyujin
Kpop Girlgroup,H1-KEY,Seoi
Kpop Girlgroup,H1-KEY,Seoul
Kpop Girlgroup,H1-KEY,Hwiseo
Kpop Girlgroup,H1-KEY,Yel
Kpop Girlgroup,DreamNote,Ui
Kpop Girlgroup,DreamNote,Boni
Kpop Girlgroup,DreamNote,Lara
Kpop Girlgroup,DreamNote,Miso
Kpop Girlgroup,DreamNote,Sumin
Kpop Girlgroup,DreamNote,Eunjo
Kpop Girlgroup,WJSN,Exy
Kpop Girlgroup,WJSN,Seola
Kpop Girlgroup,WJSN,Bona
Kpop Girlgroup,WJSN,SooBin
Kpop Girlgroup,WJSN,Eunseo
Kpop Girlgroup,WJSN,Cheng Xiao
Kpop Girlgroup,WJSN,Mei Qi
Kpop Girlgroup,WJSN,Xuan Yi
Kpop Girlgroup,WJSN,Dayoung
Kpop Girlgroup,WJSN,Yeoreum
Kpop Girlgroup,WJSN,Yeonjung
